DROP DATABASE if exists FINAL_PROJECT;
CREATE DATABASE FINAL_PROJECT;
USE FINAL_PROJECT;


CREATE TABLE CUSTOMER (
  CUSTOMER_ID        VARCHAR(4) NOT NULL,
  CUSTOMER_FIRST VARCHAR(25)   NOT NULL,
  CUSTOMER_LAST   VARCHAR(25) NOT NULL,
  BIRTHDAY DATE,	
  PHONE_NUMBER VARCHAR(10) NOT NULL UNIQUE,
  PRIMARY KEY(CUSTOMER_ID)
);

INSERT INTO CUSTOMER VALUES('CU1', 'Nathalie', 'Weldon', '1993-11-21', '4053456789'); 
INSERT INTO CUSTOMER VALUES('CU2', 'Bryan', 'Stevenson', '2000-10-14', '4053210987'); 
INSERT INTO CUSTOMER VALUES('CU3', 'Poldi', 'Mwanahawa', '1998-05-01', '4057891234'); 
INSERT INTO CUSTOMER VALUES('CU4', 'Manuel', 'Nahid', '2001-08-17', '4053128907'); 
INSERT INTO CUSTOMER VALUES('CU5', 'Zeke', 'Sharif', '1985-09-10', '4059021234'); 
INSERT INTO CUSTOMER VALUES('CU6', 'Teofil', 'Dalilia', '1998-01-05', '4054561200'); 
INSERT INTO CUSTOMER VALUES('CU7', 'Aava', 'Cosmo', '1987-04-08', '4058881900'); 
INSERT INTO CUSTOMER VALUES('CU8', 'Deanna', 'Jelena', '2006-03-15', '4053408790'); 
INSERT INTO CUSTOMER VALUES('CU9', 'Alexander', 'Arlene', '2000-02-19', '4058246000'); 
INSERT INTO CUSTOMER VALUES('CU10', 'John', 'Smith', '2000-01-01', '4051234567');


CREATE TABLE LOCATION ( 
STORE_NO VARCHAR(3) NOT NULL,
ZIPCODE VARCHAR (5), 
ADDRESS VARCHAR (25),
CITY VARCHAR (25),
PRIMARY KEY (STORE_NO));


INSERT INTO LOCATION VALUES('L1','73118', '1900 Expressway', 'Oklahoma City'); 
INSERT INTO LOCATION VALUES('L2','73003', '9876 East 2nd St','Edmond'); 
INSERT INTO LOCATION VALUES('L3','73069', '6045 West Gray St', 'Norman'); 
INSERT INTO LOCATION VALUES('L4','73099', '711 East 7th St', 'Yukon');

CREATE TABLE PRODUCT ( 
PRODUCT_ID VARCHAR(3) NOT NULL,
PRODUCT_NAME VARCHAR(25), 
PRODUCT_TYPE VARCHAR(25), 
COST DECIMAL(3,2), 
PRICE DECIMAL(3,2), 
PRIMARY KEY(PRODUCT_ID) ); 

INSERT INTO PRODUCT VALUES('P1','Dark Roast','Coffee','1','2.99'); 
INSERT INTO PRODUCT VALUES('P2','Light Roast','Coffee','1','2.99'); 
INSERT INTO PRODUCT VALUES('P3','Medium Roast','Coffee','1','2.99'); 
INSERT INTO PRODUCT VALUES('P4','Decaf','Coffee','1','2.99'); 
INSERT INTO PRODUCT VALUES('P5','Chai','Tea','0.5','1.99'); 
INSERT INTO PRODUCT VALUES('P6','Earl Grey','Tea','0.5','1.99'); 
INSERT INTO PRODUCT VALUES('P7','Peppermint','Hot Chocolate','0.75','1.99'); 
INSERT INTO PRODUCT VALUES('P8','Extra Chocolate','Hot Chocolate','0.75','1.99'); 
INSERT INTO PRODUCT VALUES('P9','Chocolate Croissant','Pastries','2','3.99'); 
INSERT INTO PRODUCT VALUES('P10','Cheese Danish','Pastries','2','3.99'); 
INSERT INTO PRODUCT VALUES('P11','Cake Pops','Pastries','1.5','2.99');

Create Table COUPON ( 
COUPON_ID  VARCHAR(3)  NOT NULL,
COUPON_TYPE VARCHAR(30) NOT NULL,
PRIMARY KEY(COUPON_ID)) ;
 
INSERT INTO COUPON VALUES('CO1','BIRTHDAY_DISCOUNT25%');
INSERT  INTO COUPON VALUES('CO2','PUNCHCARD_DISCOUNT');
INSERT INTO COUPON VALUES('CO3','TEXTDISCOUNT_10%');
INSERT INTO COUPON VALUES('CO4','HOLIDAY_DISCOUNT');
INSERT INTO COUPON VALUES('CO5','VETERAN_DISCOUNT');
INSERT INTO COUPON VALUES('CO6','NO_DISCOUNT');


CREATE TABLE ORDERS  (
  ORDER_ID        VARCHAR(3) NOT NULL,
  ORDER_DATE DATE,
  CUSTOMER_ID VARCHAR(4) NOT NULL,
  PRODUCT_ID VARCHAR(3) NOT NULL,
  COUPON_ID  VARCHAR(3)  NOT NULL,
  STORE_NO VARCHAR(3) NOT NULL,
  PRIMARY KEY (ORDER_ID),
 
  FOREIGN KEY (CUSTOMER_ID) REFERENCES CUSTOMER (CUSTOMER_ID),
  FOREIGN KEY (PRODUCT_ID) REFERENCES PRODUCT (PRODUCT_ID), 
  FOREIGN KEY (COUPON_ID) REFERENCES COUPON (COUPON_ID),
  FOREIGN KEY (STORE_NO) REFERENCES LOCATION (STORE_NO)
  
);

INSERT INTO ORDERS VALUES('O1', '2022-11-01', 'CU1', 'P1', 'CO6', 'L4'); 
INSERT INTO ORDERS VALUES('O2', '2022-11-01', 'CU2', 'P5', 'CO6', 'L1'); 
INSERT INTO ORDERS VALUES('O3', '2022-11-02', 'CU3', 'P7', 'CO6', 'L1'); 
INSERT INTO ORDERS VALUES('O4', '2022-11-02', 'CU4', 'P2', 'CO6', 'L1'); 
INSERT INTO ORDERS VALUES('O5', '2022-11-02', 'CU1', 'P1', 'CO6', 'L4'); 
INSERT INTO ORDERS VALUES('O6', '2022-11-03', 'CU1', 'P1', 'CO3', 'L4'); 
INSERT INTO ORDERS VALUES('O7', '2022-11-03', 'CU5', 'P11', 'CO4', 'L2'); 
INSERT INTO ORDERS VALUES('O8', '2022-11-03', 'CU7', 'P2', 'CO1', 'L2'); 
INSERT INTO ORDERS VALUES('O9', '2022-11-03', 'CU3', 'P8', 'CO6', 'L3'); 
INSERT INTO ORDERS VALUES('O10', '2022-11-04', 'CU1', 'P1', 'CO6', 'L4'); 
INSERT INTO ORDERS VALUES('O11', '2022-11-04', 'CU4', 'P3', 'CO6', 'L2'); 
INSERT INTO ORDERS VALUES('O12', '2022-11-04', 'CU7', 'P10', 'CO3', 'L3'); 
INSERT INTO ORDERS VALUES('O13', '2022-11-04', 'CU8', 'P5', 'CO5', 'L2'); 
INSERT INTO ORDERS VALUES('O14', '2022-11-04', 'CU9', 'P1', 'CO4', 'L2'); 
INSERT INTO ORDERS VALUES('O15', '2022-11-05', 'CU10', 'P6', 'CO2', 'L4'); 
INSERT INTO ORDERS VALUES('O16', '2022-11-05', 'CU1', 'P1', 'CO3', 'L4'); 
INSERT INTO ORDERS VALUES('O17', '2022-11-05', 'CU2', 'P5', 'CO3', 'L3'); 
INSERT INTO ORDERS VALUES('O18', '2022-11-05', 'CU7', 'P1', 'CO6', 'L2'); 
INSERT INTO ORDERS VALUES('O19', '2022-11-05', 'CU9', 'P1', 'CO4', 'L1'); 
INSERT INTO ORDERS VALUES('O20', '2022-11-05', 'CU10', 'P10', 'CO3', 'L4'); 
INSERT INTO ORDERS VALUES('O21', '2022-11-06', 'CU1', 'P1', 'CO3', 'L4'); 
INSERT INTO ORDERS VALUES('O22', '2022-11-06', 'CU2', 'P5', 'CO2', 'L1'); 
INSERT INTO ORDERS VALUES('O23', '2022-11-06', 'CU3', 'P8', 'CO1', 'L1'); 
INSERT INTO ORDERS VALUES('O24', '2022-11-06', 'CU4', 'P5', 'CO3', 'L1'); 
INSERT INTO ORDERS VALUES('O25', '2022-11-06', 'CU5', 'P6', 'CO3', 'L3'); 
INSERT INTO ORDERS VALUES('O26', '2022-11-06', 'CU6', 'P7', 'CO3', 'L4'); 
INSERT INTO ORDERS VALUES('O27', '2022-11-06', 'CU7', 'P8', 'CO3', 'L4'); 
INSERT INTO ORDERS VALUES('O28', '2022-11-06', 'CU8', 'P5', 'CO3', 'L4'); 
INSERT INTO ORDERS VALUES('O29', '2022-11-06', 'CU9', 'P7', 'CO6', 'L4'); 
INSERT INTO ORDERS VALUES('O30', '2022-11-06', 'CU10', 'P6', 'CO1', 'L4');

CREATE TABLE ORDER_ROW ( ORDER_ROW_ID VARCHAR(3),
ORDER_ROW_QUANTITY VARCHAR (3), 
PRIMARY KEY(ORDER_ROW_ID) ); 

INSERT INTO ORDER_ROW VALUES('R1','2'); 
INSERT INTO ORDER_ROW VALUES('R2','3'); 
INSERT INTO ORDER_ROW VALUES('R3', '4'); 
INSERT INTO ORDER_ROW VALUES('R4','5'); 
INSERT INTO ORDER_ROW VALUES('R5', '6'); 
INSERT INTO ORDER_ROW VALUES('R6', '10');





